{
  "pd_column_detected": "pd_12m_logit",
  "pd_aggregation_method": "EAD-weighted (loan_amnt)",
  "lgd_const": 0.9013,
  "funding_cost": 0.035,
  "op_cost": 0.01,
  "target_margin": 0.015,
  "hurdle_rate": 0.12,
  "max_pricing_rate": 0.3,
  "ci_level": 0.95,
  "min_n_for_ci": 30,
  "ci_method_note": "Approximate CI from within-segment interest-rate dispersion; excludes full PD model uncertainty.",
  "active_ead_$B": 9.51000192335,
  "portfolio_avg_r_lc": 0.13063768401010117,
  "portfolio_avg_r_req": 0.10918462829982323,
  "portfolio_avg_gap": 0.021453055710277946,
  "portfolio_raroc_current": 0.3475762424661333,
  "portfolio_raroc_post": 0.372076507811738,
  "net_income_current_$M": 346.66862991672804,
  "net_income_post_$M": 370.6652725872518,
  "el_current_$M": 467.74590973057366,
  "el_post_$M": 465.7024551483992,
  "segments_reprice": 19,
  "segments_decline": 10,
  "segments_grow": 93,
  "segments_hold": 48,
  "ec_source": "L4 K_pct by grade",
  "ec_total_$B": 0.9973887382435418,
  "raroc_by_purpose": {
    "small_business": 0.09916009667902027,
    "moving": 0.13797279075873636,
    "renewable_energy": 0.17322171320692756,
    "medical": 0.21478174407545847,
    "vacation": 0.2418407213104174,
    "house": 0.2906190409515624,
    "other": 0.3147166392879528,
    "major_purchase": 0.34011876687468345,
    "car": 0.34676543391185494,
    "credit_card": 0.3536144597094419,
    "debt_consolidation": 0.355456287889237,
    "home_improvement": 0.36543238313189286,
    "wedding": 0.3809215964706761,
    "educational": 0.7785471962487195
  },
  "reprice_nii_by_purpose_$M": {
    "debt_consolidation": 12.11450758744738,
    "credit_card": 6.509120950818454,
    "home_improvement": 1.6026360135920208,
    "other": 1.0918765263804495,
    "small_business": 0.9926706610751412,
    "major_purchase": 0.5098380642360799,
    "medical": 0.32429228052603826,
    "house": 0.2506112341183197,
    "moving": 0.19479501098538057,
    "car": 0.12895417985091612,
    "vacation": 0.09146229801696182,
    "renewable_energy": 0.014164979006538573
  },
  "n_purposes_above_hurdle": 13,
  "n_purposes_below_hurdle": 1
}